{"data":
    {
        "loadavg":["0.00","0.00","0.00"],
        "idle":0,
        "memory":{
            "used":1070174208,
            "free":15732219904,
            "total":16802394112
        },
        "cpuinfo":{
            "mhz":"2400.198",
            "hvm":1,
            "user_hz":100,
            "sockets":2,
            "cpus":16,
            "model":"Intel(R) Xeon(R) CPU           E5620  @ 2.40GHz"
        },
        "pveversion":"pve-manager/5.4-3/0a6eaa62",
        "uptime":34253,
        "swap":{
            "free":8589930496,
            "total":8589930496,
            "used":0
        },
        "ksm":{
            "shared":0
        },
        "wait":4.39820686202238e-05,
        "kversion":"Linux 4.15.18-12-pve #1 SMP PVE 4.15.18-35 (Wed, 13 Mar 2019 08:24:42 +0100)",
        "cpu":0.00199568636364265,
        "rootfs":{
            "total":35665838080,
            "free":33929207808,
            "avail":32087072768,
            "used":1736630272
        }
    }
}
